{"file_hashes":[{"block_hashes":["XTmc6q8xAXQPN0tZIdhHFmL7M/v1rDA85OLMKsKASXM="],"block_size":4096,"path":"background.html"},{"block_hashes":["2hIaw4FcrCkbUfLltpOPjOwDy9qSvOsvt/HZnf4uhN4=","7H1k8/nqJFjJ4ZqiAvAQ9wkeu1RhfBx0TYz65rhAm+0="],"block_size":4096,"path":"css/bootstrap.min.css"},{"block_hashes":["Mk8Nsj2889Q07yZRBo2pW7qoZ1UJ8r/uwK/02bL1nnQ="],"block_size":4096,"path":"css/popup.min.css"},{"block_hashes":["ezAC5k7myi0V+Wb0OHNtb4w8Izf2ajA/xpSIHoh0uvg="],"block_size":4096,"path":"img/icon128.png"},{"block_hashes":["elMgjIB+2Bs8FjZ3gEqwBvurgTbgiQpW/7Gx90nqTkQ="],"block_size":4096,"path":"img/icon16.png"},{"block_hashes":["luZlsnTYngt8OFeqnGKGl21TwN03WZC0z0JWmzHZoCw="],"block_size":4096,"path":"img/icon19.png"},{"block_hashes":["LhmfLG6v16TZWl23Nes+RDpIElPvtLdAg03kqJs7P2k=","0yZ+70SnwnC16yOrtxIbWwD6t1ZZLKP7J4B/mvovgLI="],"block_size":4096,"path":"img/icon2.png"},{"block_hashes":["AyWnLpm5l5DRMXUYIUL8KC9h03g8e9+Pp3jGmAm8TBI="],"block_size":4096,"path":"img/icon38.png"},{"block_hashes":["RPlFNKGF43P840mgHydvfe28lIg+sU3qtvsIq/hv2vw=","6zDErZac8/JxDG4z+JOPzwvM+kAFtDbynsQToCflZHo="],"block_size":4096,"path":"js/background.js"},{"block_hashes":["GmWhhTUHolnMr8MW3CNjE9soTxomsB4XzVvCwD+BzHM="],"block_size":4096,"path":"js/general.js"},{"block_hashes":["dyLfzKkOp0NUdU58PDP5H+W/9afjNUcTTLvXbDfp+JM=","pzW86qnUKRH8UlqXEjXwk0rIDvvrafTx8oWPQ70uXzU=","CN9sP/1fSN1uSC2ESWlZmtLoYKDB5DY7SeM8cF5vCfU=","pydKPnSbTUZfka4rOWqX1+lZ7buQ0RkrVZ9GRoY0MEs=","ccQlW55lIxfKYjci5Z3dsXiYaxdnh5zrjgx9tRKPrzQ=","8IU/puIKdcTLU1JjXrp7QsksQlipz+EN9Lvn2Enbrl4=","cqk4RZZ9UIek3SkBDVkh/FV3prj09QxGQjULjQT4/QY=","ok+tI5SchcX/jC5Suu0gibFHwC5G2ruGkT25VGC7tCQ=","x+EiVSog8MRZo/oq8ldkXFACgcAyShcsmDbUaQqL9mo=","nwqmKYkAXtoQT2G1niaC28FHfAJceSOuRtvvkHsbGAY=","1WGRbaXn8Fv6QAZTOJdghSvmkNYnKd+bPq95l30xhxg=","nXpztUD39uebH591ESGqOL1OdCmmIw9riSlKZqxOMZ4=","+nZxYFopoKWDzk8OF6yvECyoQOokK9xQzQIC2K1ksTM=","WQa9wB4JoGvM1SsyjhG+IA4H4Uik3ZEY0MvaF/u5duQ=","wvxirFe4HNa2dq2LWeLYSMSGaIs5zuMfzKK+PBaqiJw=","x/UOHVw0ob677R7nTQTwbjI5Kbd175FjRipTfbqk07k=","kVC2QvvdC7N5WU0pwA1Ilx+bvota+uCD8Rh2S4v/RrU=","KPXRmMy8P4/lkU+IzGR03kn/E03ExrfFcb+gw6bv7y4=","wlUeceFNuxcmotLPcgMYTSMJVBs52UFxYo3MEY2mUMQ=","xE/k0uflqRSvUYXZr2Qy4LqaYl1T5YQPLyz2JcjvV1Q=","0teY0HvU88e6xcWJHGUTDUBL5DDUGPwQI0Wmm3zomUc="],"block_size":4096,"path":"js/jquery-2.2.3.min.js"},{"block_hashes":["FtBtcj/r1+LGD8Wm4AbMe2fVPe7lJu3TDEVaAcVWeck=","/ZhVGcTcWlBKOyiX5bDbi1jqj+t/2596Y2b2/vEveBM=","GAEnID42WB6xEePAJ7Bg+97Pb5ipBdHXgYAoo6dRFBc=","ZQgxiEYhKiRUYJrGqppTsHj1V7yhG6Qm9aZiDGDf9fs=","jv07Cw7izErsw66SEeYUwhxRoFubKIf/OFbThiU6QOo=","M2HwK4YHxbehJDrWJYHtKAH01Dg8RzDEgWI3PvihkNE=","gkx0wm6mbNxeFUX6W9y+r/j7maSf464TZqmuOexX+gg=","2sp0IKhUufrN5nK5Cfkp6RlBDhqrRna8+tjHBoBVi3Q=","hijaAgMm+rM9BVxeeIKT+iJzWH2BZHqCtv0McuopWEw=","U1f+HL2tqpdInToleK4NKaAKzGRXXIUsJ8q25eXwJiQ=","bD0sM3OvK3mCduMfahZAvGmg4cZ/7u63i+jBqaPASnI=","a98vUJnFhBSd6jjcbr+HNWYa1H6g7z91YRh8mAi090k=","K6n1p8Ssd2Mv2FcwvxpzmqtIxNRa7AThR9q1dsbaBx0=","5fkAFIXE4BlY5y9Pg1Pwe0Du7VTOhPPJaphmf3Mmhi0=","JbKeWNVDz1f7skw9CVpcFxJ9okWjqNsjoB78ymB4iVM=","Z4/gj1Zm32QbZqP8f7hvDLr/c4RGf+5O7GeIKG+OEOE=","pL33OU3dN23kov7ItZaZ6SN+q74k/mXsvA6bu67K9XI=","Px1RwcVWHFz+opULUecEiMQOVpxh10TSLp35dy5Rj1M=","SjjXWoxXBwVSIbnpprJsmeG17T9kB7Mii51iDhBCwoc=","aMzPvbgVNRpv657cbCGMbho3eAjHB/WpCbI0kAfy6OQ=","qSbYTWZyvMXm0luPapWexKwEecQAvNkRGg/jaVhxpCo=","xgoBa6zRWUtllSuJ+TN+skNKfDNB5jquqr0rBir2g0k=","9S2qPe9HmnNzdiq73P4xDuvNxoHI8979libmOiBTYsU="],"block_size":4096,"path":"js/jquery.min.js"},{"block_hashes":["wJ5KwvSwHQy5RUPBI8ZYtt7LWbZWmVSgtcljtNGdolI="],"block_size":4096,"path":"js/popup.js"},{"block_hashes":["dAy/jmrDdbouaxvOsKErEHRlv0qDm6LlLD4bUn3MTq0="],"block_size":4096,"path":"popup.html"}],"version":2}